id,name,content,difficulty,min_recommended_age,max_recommended_age,creator_id
1,Forest 101,"# Introduction to Forest Ecosystems
This lecture provides an overview of forest ecosystems, covering various aspects such as biodiversity, ecological interactions, and human impact on forests.
Forests are vital for the health of our planet, serving as habitats for countless species and playing a crucial role in carbon sequestration.
In this session, we will explore the different layers of a forest, from the forest floor to the emergent layer, and discuss the unique characteristics of each.
Additionally, we will delve into the various types of forests found around the world, including tropical rainforests, temperate forests, and boreal forests.
Throughout the lecture, we will examine the complex relationships between plants, animals, and microorganisms that make up forest ecosystems.
Topics such as nutrient cycling, energy flow, and ecological succession will be explored to provide a comprehensive understanding of forest dynamics.
Furthermore, we will address the threats facing forests today, such as deforestation, habitat fragmentation, and climate change, and discuss strategies for conservation and sustainable management.
By the end of this lecture, participants will gain a deeper appreciation for the importance of forests and the urgent need to protect them for future generations.
",1,8,12,15
2,Marine Life Overview,"# Exploring Marine Habitats
Marine habitats encompass a vast and diverse array of ecosystems, ranging from coral reefs and kelp forests to deep-sea trenches and hydrothermal vents.
In this lecture, we will embark on a journey beneath the waves to discover the fascinating world of marine life.
We will begin by examining the unique physical and chemical properties of the ocean that shape marine habitats and influence the distribution of species.
From there, we will explore the incredible diversity of marine organisms, from microscopic plankton to majestic whales, and everything in between.
Participants will learn about the different zones of the ocean, including the sunlit surface waters, the twilight zone, and the dark depths of the abyss.
Throughout the lecture, we will discuss the various adaptations that enable marine organisms to thrive in their respective environments, from camouflage and bioluminescence to hydrodynamic shapes and specialized organs.
We will also examine the complex ecological relationships that exist within marine ecosystems, such as predator-prey interactions, symbiotic partnerships, and competitive exclusion.
Furthermore, we will address the human impacts on marine habitats, including pollution, overfishing, and climate change, and explore potential solutions to mitigate these threats.
By the end of this lecture, participants will develop a deeper understanding of the importance of marine habitats and the urgent need to conserve and protect them for future generations.
",2,10,14,15
3,Desert Survival,"# Adaptations of Desert Animals
Deserts are harsh and unforgiving environments characterized by extreme temperatures, sparse vegetation, and limited water resources.
Despite these challenges, desert animals have evolved a remarkable array of adaptations to survive in this hostile habitat.
In this lecture, we will explore the fascinating world of desert wildlife and uncover the secrets of their survival.
We will begin by discussing the physical adaptations of desert animals, such as camels' humps for water storage, kangaroos' efficient kidneys for water conservation, and fennec foxes' large ears for heat regulation.
Participants will learn about the behavioral adaptations employed by desert animals to cope with the scarcity of resources, including nocturnal activity to avoid daytime heat, burrowing to escape temperature extremes, and communal living for protection.
Furthermore, we will examine the ecological roles played by desert species in maintaining ecosystem balance, such as pollination, seed dispersal, and predator-prey dynamics.
Throughout the lecture, we will highlight some of the iconic desert animals, including the Arabian camel, the desert tortoise, the meerkat, and the sidewinder rattlesnake.
We will also discuss the conservation challenges facing desert ecosystems, including habitat destruction, climate change, and human encroachment, and explore potential conservation strategies.
By the end of this lecture, participants will gain a newfound appreciation for the resilience and adaptability of desert animals and the importance of conserving their fragile habitats.
",0,6,10,15
4,Arctic Adventures,"# Life in the Arctic
The Arctic is a vast and remote region located at the northernmost part of Earth, characterized by icy landscapes, extreme cold, and unique wildlife.
In this lecture, we will embark on an expedition to explore the wonders of the Arctic and learn about the remarkable adaptations of its inhabitants.
We will begin by examining the physical geography of the Arctic, including its ice caps, glaciers, and permafrost, and discuss the role of the Arctic in regulating global climate patterns.
Participants will discover the rich biodiversity of the Arctic, from polar bears and Arctic foxes to seals, whales, and migratory birds.
We will delve into the unique adaptations of Arctic animals, such as thick fur and blubber for insulation, specialized paws for walking on ice, and hibernation strategies to survive the long winter months.
Furthermore, we will explore the cultural heritage of the indigenous peoples of the Arctic, including their traditional knowledge, art, and ways of life.
Throughout the lecture, we will address the environmental challenges facing the Arctic, including melting sea ice, habitat loss, and pollution, and discuss efforts to protect this fragile ecosystem.
By the end of this lecture, participants will develop a deeper understanding of the Arctic ecosystem and the urgent need to conserve its biodiversity and cultural heritage for future generations.
",1,12,16,15
5,Rainforest Wonders,"# Discovering Rainforest Biodiversity
Rainforests are some of the most biodiverse ecosystems on Earth, teeming with life and exhibiting a remarkable array of plants, animals, and microorganisms.
In this lecture, we will venture into the heart of the rainforest to uncover its hidden treasures and explore the wonders of its biodiversity.
We will begin by discussing the structure and layers of the rainforest, from the emergent layer to the forest floor, and examine the unique adaptations of plants and animals to life in this dense environment.
Participants will learn about the intricate web of ecological relationships that exist within the rainforest, including symbiotic interactions, predator-prey dynamics, and nutrient cycling.
We will highlight some of the iconic species found in the rainforest, such as jaguars, toucans, orchids, and giant ceiba trees, and discuss their ecological importance.
Furthermore, we will explore the cultural significance of rainforests to indigenous peoples, including their traditional knowledge, spiritual beliefs, and sustainable practices.
Throughout the lecture, we will address the threats facing rainforest ecosystems, including deforestation, habitat fragmentation, and climate change, and discuss strategies for conservation and sustainable management.
By the end of this lecture, participants will develop a deeper appreciation for the beauty and complexity of rainforest biodiversity and the urgent need to protect these vital ecosystems.
",0,4,8,15
